Wavelength_nm,n,k
250,1.0108,9.25927E-1
251,1.031063,9.63718E-1
252,1.054033,1.00098E+0
253,1.079748,1.03751E+0
254,1.108244,1.07309E+0
255,1.139541,1.10748E+0
256,1.173646,1.14042E+0
257,1.210545,1.17162E+0
258,1.250195,1.2008E+0
259,1.292517,1.22761E+0
260,1.337388,1.25172E+0
261,1.384634,1.27279E+0
262,1.434018,1.29046E+0
263,1.48524,1.3044E+0
264,1.537929,1.31428E+0
265,1.591646,1.31984E+0
266,1.645888,1.32087E+0
267,1.700099,1.31724E+0
268,1.753686,1.30891E+0
269,1.806042,1.29595E+0
270,1.856565,1.27854E+0
271,1.904692,1.25695E+0
272,1.949917,1.23158E+0
273,1.991814,1.20288E+0
274,2.030054,1.17138E+0
275,2.064413,1.13764E+0
276,2.094772,1.10221E+0
277,2.121112,1.06566E+0
278,2.143501,1.02849E+0
279,2.162084,9.91196E-1
280,2.177062,9.54174E-1
281,2.188679,9.1778E-1
282,2.197203,8.82303E-1
283,2.202917,8.47971E-1
284,2.206104,8.14958E-1
285,2.207039,7.83388E-1
286,2.205988,7.53344E-1
287,2.203194,7.24872E-1
288,2.198884,6.97993E-1
289,2.193265,6.72702E-1
290,2.186519,6.4898E-1
291,2.178811,6.26791E-1
292,2.170286,6.06095E-1
293,2.16107,5.86842E-1
294,2.151276,5.68981E-1
295,2.140998,5.52459E-1
296,2.130321,5.37222E-1
297,2.119316,5.2322E-1
298,2.108046,5.10402E-1
299,2.096563,4.98721E-1
300,2.084914,4.88135E-1
301,2.073138,4.78604E-1
302,2.06127,4.7009E-1
303,2.04934,4.62563E-1
304,2.037375,4.55993E-1
305,2.025397,4.50357E-1
306,2.01343,4.45634E-1
307,2.001492,4.41807E-1
308,1.989605,4.38863E-1
309,1.977786,4.36794E-1
310,1.966057,4.35593E-1
311,1.954438,4.35258E-1
312,1.94295,4.35791E-1
313,1.93162,4.37193E-1
314,1.920473,4.39473E-1
315,1.909541,4.42639E-1
316,1.898858,4.467E-1
317,1.888463,4.5167E-1
318,1.878401,4.57561E-1
319,1.868722,4.64386E-1
320,1.859483,4.72158E-1
321,1.850747,4.80888E-1
322,1.842586,4.90582E-1
323,1.83508,5.01245E-1
324,1.828316,5.12874E-1
325,1.822389,5.25458E-1
326,1.817404,5.38978E-1
327,1.813471,5.53402E-1
328,1.810707,5.68685E-1
329,1.809233,5.84763E-1
330,1.809172,6.01557E-1
331,1.810647,6.18965E-1
332,1.813777,6.36866E-1
333,1.818673,6.55112E-1
334,1.825435,6.73537E-1
335,1.834142,6.91949E-1
336,1.844857,7.10135E-1
337,1.857612,7.27866E-1
338,1.872409,7.44896E-1
339,1.889215,7.60971E-1
340,1.907957,7.75833E-1
341,1.928522,7.89226E-1
342,1.950757,8.00908E-1
343,1.974465,8.10653E-1
344,1.999414,8.18264E-1
345,2.025338,8.23577E-1
346,2.051943,8.26473E-1
347,2.078918,8.26877E-1
348,2.10594,8.24767E-1
349,2.13269,8.20171E-1
350,2.158858,8.13171E-1
351,2.184155,8.03893E-1
352,2.208322,7.92507E-1
353,2.231138,7.79216E-1
354,2.25242,7.6425E-1
355,2.272032,7.47852E-1
356,2.289878,7.30276E-1
357,2.305908,7.11771E-1
358,2.320109,6.9258E-1
359,2.332501,6.7293E-1
360,2.343134,6.53029E-1
361,2.35208,6.33064E-1
362,2.359429,6.13197E-1
363,2.365283,5.93568E-1
364,2.369752,5.74294E-1
365,2.372948,5.55468E-1
366,2.374986,5.37166E-1
367,2.375976,5.19444E-1
368,2.376026,5.02344E-1
369,2.375238,4.85894E-1
370,2.373706,4.7011E-1
371,2.371519,4.54998E-1
372,2.368758,4.40558E-1
373,2.365497,4.26783E-1
374,2.361803,4.1366E-1
375,2.357737,4.01176E-1
376,2.353353,3.8931E-1
377,2.348698,3.78044E-1
378,2.343816,3.67355E-1
379,2.338746,3.57222E-1
380,2.33352,3.47622E-1
381,2.328169,3.38532E-1
382,2.322718,3.29931E-1
383,2.317191,3.21798E-1
384,2.311607,3.14111E-1
385,2.305984,3.06852E-1
386,2.300338,2.99999E-1
387,2.294682,2.93537E-1
388,2.289026,2.87446E-1
389,2.283383,2.81713E-1
390,2.277759,2.7632E-1
391,2.272163,2.71254E-1
392,2.266602,2.66502E-1
393,2.261081,2.62051E-1
394,2.255605,2.57889E-1
395,2.250179,2.54006E-1
396,2.244807,2.50393E-1
397,2.239492,2.4704E-1
398,2.234238,2.43938E-1
399,2.229048,2.4108E-1
400,2.223924,2.38459E-1
401,2.218869,2.36069E-1
402,2.213886,2.33903E-1
403,2.208977,2.31957E-1
404,2.204145,2.30225E-1
405,2.199392,2.28704E-1
406,2.194723,2.2739E-1
407,2.190139,2.26278E-1
408,2.185644,2.25367E-1
409,2.181242,2.24653E-1
410,2.176936,2.24133E-1
411,2.172731,2.23805E-1
412,2.168632,2.23668E-1
413,2.164643,2.23718E-1
414,2.16077,2.23954E-1
415,2.15702,2.24374E-1
416,2.153398,2.24975E-1
417,2.149912,2.25755E-1
418,2.146569,2.26711E-1
419,2.143377,2.27841E-1
420,2.140346,2.29141E-1
421,2.137483,2.30607E-1
422,2.1348,2.32233E-1
423,2.132306,2.34015E-1
424,2.130012,2.35947E-1
425,2.127929,2.3802E-1
426,2.126067,2.40227E-1
427,2.124439,2.42557E-1
428,2.123055,2.44999E-1
429,2.121928,2.47541E-1
430,2.121067,2.50168E-1
431,2.120483,2.52865E-1
432,2.120185,2.55614E-1
433,2.120183,2.58396E-1
434,2.120482,2.6119E-1
435,2.121089,2.63975E-1
436,2.122008,2.66726E-1
437,2.123239,2.69418E-1
438,2.124781,2.72026E-1
439,2.126632,2.74522E-1
440,2.128784,2.76881E-1
441,2.131228,2.79074E-1
442,2.133951,2.81075E-1
443,2.136936,2.8286E-1
444,2.140166,2.84403E-1
445,2.143619,2.85682E-1
446,2.147268,2.86677E-1
447,2.151088,2.87371E-1
448,2.155049,2.87749E-1
449,2.15912,2.87801E-1
450,2.16327,2.87521E-1
451,2.167467,2.86903E-1
452,2.171677,2.85949E-1
453,2.175871,2.84663E-1
454,2.180015,2.83052E-1
455,2.184083,2.81128E-1
456,2.188046,2.78905E-1
457,2.191881,2.76398E-1
458,2.195564,2.73627E-1
459,2.199077,2.70612E-1
460,2.202403,2.67376E-1
461,2.20553,2.63941E-1
462,2.208445,2.60329E-1
463,2.211142,2.56565E-1
464,2.213616,2.52671E-1
465,2.215864,2.4867E-1
466,2.217886,2.44582E-1
467,2.219684,2.40429E-1
468,2.221261,2.3623E-1
469,2.222623,2.32002E-1
470,2.223775,2.27761E-1
471,2.224725,2.23523E-1
472,2.225482,2.19302E-1
473,2.226054,2.15108E-1
474,2.22645,2.10954E-1
475,2.22668,2.06847E-1
476,2.226754,2.02797E-1
477,2.226682,1.9881E-1
478,2.226472,1.94892E-1
479,2.226135,1.91047E-1
480,2.22568,1.8728E-1
481,2.225115,1.83593E-1
482,2.224449,1.79989E-1
483,2.22369,1.76469E-1
484,2.222847,1.73035E-1
485,2.221926,1.69687E-1
486,2.220934,1.66424E-1
487,2.219879,1.63248E-1
488,2.218766,1.60156E-1
489,2.2176,1.57148E-1
490,2.216388,1.54224E-1
491,2.215134,1.5138E-1
492,2.213844,1.48617E-1
493,2.212521,1.45932E-1
494,2.211169,1.43324E-1
495,2.209792,1.4079E-1
496,2.208394,1.38329E-1
497,2.206977,1.35938E-1
498,2.205545,1.33617E-1
499,2.204101,1.31362E-1
500,2.202646,1.29172E-1
501,2.201183,1.27045E-1
502,2.199714,1.24979E-1
503,2.198241,1.22972E-1
504,2.196766,1.21021E-1
505,2.19529,1.19127E-1
506,2.193814,1.17285E-1
507,2.192341,1.15495E-1
508,2.19087,1.13756E-1
509,2.189404,1.12064E-1
510,2.187943,1.10419E-1
511,2.186488,1.08819E-1
512,2.185039,1.07263E-1
513,2.183598,1.05749E-1
514,2.182165,1.04275E-1
515,2.180741,1.0284E-1
516,2.179326,1.01444E-1
517,2.177921,1.00084E-1
518,2.176526,9.87589E-2
519,2.175141,9.74683E-2
520,2.173766,9.62107E-2
521,2.172403,9.4985E-2
522,2.17105,9.37902E-2
523,2.16971,9.26251E-2
524,2.16838,9.14887E-2
525,2.167062,9.03803E-2
526,2.165756,8.92987E-2
527,2.164462,8.82431E-2
528,2.163179,8.72127E-2
529,2.161908,8.62066E-2
530,2.16065,8.52241E-2
531,2.159403,8.42644E-2
532,2.158168,8.33268E-2
533,2.156946,8.24105E-2
534,2.155735,8.15149E-2
535,2.154536,8.06394E-2
536,2.153348,7.97833E-2
537,2.152173,7.89459E-2
538,2.151009,7.81268E-2
539,2.149857,7.73254E-2
540,2.148716,7.65411E-2
541,2.147587,7.57734E-2
542,2.146469,7.50218E-2
543,2.145362,7.42858E-2
544,2.144266,7.3565E-2
545,2.143182,7.28589E-2
546,2.142108,7.21671E-2
547,2.141046,7.14892E-2
548,2.139994,7.08248E-2
549,2.138953,7.01734E-2
550,2.137922,6.95348E-2
551,2.136901,6.89085E-2
552,2.135891,6.82942E-2
553,2.134891,6.76916E-2
554,2.133901,6.71004E-2
555,2.132921,6.65202E-2
556,2.131951,6.59507E-2
557,2.130991,6.53917E-2
558,2.13004,6.48428E-2
559,2.129099,6.43039E-2
560,2.128167,6.37746E-2
561,2.127244,6.32547E-2
562,2.12633,6.27439E-2
563,2.125425,6.2242E-2
564,2.12453,6.17488E-2
565,2.123643,6.12641E-2
566,2.122764,6.07876E-2
567,2.121895,6.03191E-2
568,2.121033,5.98585E-2
569,2.120181,5.94055E-2
570,2.119336,5.896E-2
571,2.118499,5.85217E-2
572,2.117671,5.80905E-2
573,2.11685,5.76662E-2
574,2.116038,5.72487E-2
575,2.115233,5.68378E-2
576,2.114435,5.64333E-2
577,2.113646,5.60351E-2
578,2.112863,5.56431E-2
579,2.112088,5.52571E-2
580,2.11132,5.48769E-2
581,2.11056,5.45024E-2
582,2.109806,5.41336E-2
583,2.109059,5.37702E-2
584,2.10832,5.34122E-2
585,2.107587,5.30594E-2
586,2.106861,5.27118E-2
587,2.106141,5.23691E-2
588,2.105428,5.20313E-2
589,2.104721,5.16984E-2
590,2.104021,5.13701E-2
591,2.103327,5.10464E-2
592,2.102639,5.07272E-2
593,2.101957,5.04124E-2
594,2.101282,5.01019E-2
595,2.100612,4.97957E-2
596,2.099949,4.94935E-2
597,2.099291,4.91955E-2
598,2.098639,4.89013E-2
599,2.097992,4.86111E-2
600,2.097351,4.83247E-2
601,2.096716,4.8042E-2
602,2.096086,4.77629E-2
603,2.095462,4.74875E-2
604,2.094843,4.72155E-2
605,2.094229,4.6947E-2
606,2.09362,4.66819E-2
607,2.093017,4.64201E-2
608,2.092418,4.61616E-2
609,2.091825,4.59062E-2
610,2.091237,4.5654E-2
611,2.090653,4.54049E-2
612,2.090075,4.51588E-2
613,2.089501,4.49156E-2
614,2.088932,4.46753E-2
615,2.088367,4.44379E-2
616,2.087807,4.42033E-2
617,2.087252,4.39714E-2
618,2.086701,4.37423E-2
619,2.086155,4.35158E-2
620,2.085613,4.32919E-2
621,2.085076,4.30705E-2
622,2.084543,4.28517E-2
623,2.084014,4.26354E-2
624,2.083489,4.24215E-2
625,2.082968,4.22099E-2
626,2.082452,4.20007E-2
627,2.081939,4.17938E-2
628,2.081431,4.15892E-2
629,2.080926,4.13868E-2
630,2.080426,4.11867E-2
631,2.079929,4.09886E-2
632,2.079436,4.07927E-2
633,2.078947,4.05989E-2
634,2.078462,4.04071E-2
635,2.07798,4.02173E-2
636,2.077502,4.00295E-2
637,2.077028,3.98437E-2
638,2.076557,3.96598E-2
639,2.07609,3.94778E-2
640,2.075626,3.92977E-2
641,2.075166,3.91193E-2
642,2.07471,3.89428E-2
643,2.074256,3.87681E-2
644,2.073806,3.85951E-2
645,2.073359,3.84238E-2
646,2.072916,3.82543E-2
647,2.072476,3.80863E-2
648,2.072039,3.79201E-2
649,2.071605,3.77554E-2
650,2.071175,3.75924E-2
651,2.070747,3.74309E-2
652,2.070323,3.7271E-2
653,2.069902,3.71126E-2
654,2.069483,3.69557E-2
655,2.069068,3.68003E-2
656,2.068655,3.66463E-2
657,2.068246,3.64938E-2
658,2.067839,3.63427E-2
659,2.067436,3.6193E-2
660,2.067035,3.60446E-2
661,2.066637,3.58976E-2
662,2.066242,3.5752E-2
663,2.065849,3.56077E-2
664,2.065459,3.54647E-2
665,2.065072,3.53229E-2
666,2.064688,3.51825E-2
667,2.064306,3.50432E-2
668,2.063927,3.49052E-2
669,2.06355,3.47685E-2
670,2.063176,3.46329E-2
671,2.062805,3.44985E-2
672,2.062436,3.43652E-2
673,2.062069,3.42332E-2
674,2.061705,3.41022E-2
675,2.061344,3.39724E-2
676,2.060985,3.38436E-2
677,2.060628,3.3716E-2
678,2.060274,3.35894E-2
679,2.059922,3.34639E-2
680,2.059572,3.33395E-2
681,2.059224,3.32161E-2
682,2.058879,3.30937E-2
683,2.058537,3.29723E-2
684,2.058196,3.28519E-2
685,2.057857,3.27325E-2
686,2.057521,3.2614E-2
687,2.057187,3.24965E-2
688,2.056855,3.238E-2
689,2.056526,3.22644E-2
690,2.056198,3.21497E-2
691,2.055872,3.20359E-2
692,2.055549,3.19231E-2
693,2.055228,3.18111E-2
694,2.054908,3.17E-2
695,2.054591,3.15897E-2
696,2.054276,3.14803E-2
697,2.053962,3.13718E-2
698,2.053651,3.12641E-2
699,2.053341,3.11572E-2
700,2.053034,3.10512E-2
701,2.052728,3.09459E-2
702,2.052425,3.08415E-2
703,2.052123,3.07378E-2
704,2.051823,3.06349E-2
705,2.051525,3.05328E-2
706,2.051228,3.04315E-2
707,2.050934,3.03309E-2
708,2.050641,3.0231E-2
709,2.05035,3.01319E-2
710,2.050061,3.00335E-2
711,2.049774,2.99358E-2
712,2.049488,2.98388E-2
713,2.049204,2.97426E-2
714,2.048922,2.9647E-2
715,2.048642,2.95521E-2
716,2.048363,2.94579E-2
717,2.048086,2.93644E-2
718,2.04781,2.92715E-2
719,2.047536,2.91793E-2
720,2.047264,2.90877E-2
721,2.046993,2.89968E-2
722,2.046724,2.89065E-2
723,2.046456,2.88168E-2
724,2.04619,2.87278E-2
725,2.045926,2.86394E-2
726,2.045663,2.85516E-2
727,2.045402,2.84644E-2
728,2.045142,2.83777E-2
729,2.044884,2.82917E-2
730,2.044627,2.82063E-2
731,2.044371,2.81214E-2
732,2.044118,2.80371E-2
733,2.043865,2.79534E-2
734,2.043614,2.78702E-2
735,2.043364,2.77876E-2
736,2.043116,2.77055E-2
737,2.04287,2.7624E-2
738,2.042624,2.7543E-2
739,2.04238,2.74625E-2
740,2.042138,2.73826E-2
741,2.041896,2.73032E-2
742,2.041656,2.72243E-2
743,2.041418,2.71459E-2
744,2.041181,2.7068E-2
745,2.040945,2.69906E-2
746,2.04071,2.69137E-2
747,2.040477,2.68373E-2
748,2.040245,2.67614E-2
749,2.040014,2.66859E-2
750,2.039784,2.66109E-2
751,2.039556,2.65365E-2
752,2.039329,2.64624E-2
753,2.039103,2.63889E-2
754,2.038879,2.63157E-2
755,2.038656,2.62431E-2
756,2.038433,2.61709E-2
757,2.038213,2.60991E-2
758,2.037993,2.60278E-2
759,2.037774,2.59569E-2
760,2.037557,2.58864E-2
761,2.037341,2.58164E-2
762,2.037126,2.57468E-2
763,2.036912,2.56776E-2
764,2.036699,2.56088E-2
765,2.036487,2.55405E-2
766,2.036277,2.54725E-2
767,2.036067,2.5405E-2
768,2.035859,2.53378E-2
769,2.035652,2.52711E-2
770,2.035446,2.52047E-2
771,2.035241,2.51387E-2
772,2.035037,2.50731E-2
773,2.034834,2.50079E-2
774,2.034632,2.49431E-2
775,2.034431,2.48786E-2
776,2.034231,2.48146E-2
777,2.034033,2.47509E-2
778,2.033835,2.46875E-2
779,2.033638,2.46245E-2
780,2.033442,2.45619E-2
781,2.033248,2.44996E-2
782,2.033054,2.44377E-2
783,2.032861,2.43762E-2
784,2.032669,2.43149E-2
785,2.032479,2.42541E-2
786,2.032289,2.41935E-2
787,2.0321,2.41333E-2
788,2.031912,2.40735E-2
789,2.031725,2.40139E-2
790,2.031539,2.39547E-2
791,2.031354,2.38958E-2
792,2.03117,2.38373E-2
793,2.030987,2.3779E-2
794,2.030804,2.37211E-2
795,2.030623,2.36635E-2
796,2.030442,2.36062E-2
797,2.030263,2.35493E-2
798,2.030084,2.34926E-2
799,2.029906,2.34362E-2
800,2.029729,2.33801E-2
801,2.029553,2.33244E-2
802,2.029378,2.32689E-2
803,2.029203,2.32137E-2
804,2.02903,2.31588E-2
805,2.028857,2.31042E-2
806,2.028685,2.30499E-2
807,2.028514,2.29959E-2
808,2.028344,2.29422E-2
809,2.028174,2.28887E-2
810,2.028006,2.28355E-2
811,2.027838,2.27826E-2
812,2.027671,2.273E-2
813,2.027505,2.26776E-2
814,2.027339,2.26255E-2
815,2.027175,2.25737E-2
816,2.027011,2.25221E-2
817,2.026848,2.24708E-2
818,2.026686,2.24198E-2
819,2.026524,2.2369E-2
820,2.026363,2.23185E-2
821,2.026203,2.22682E-2
822,2.026044,2.22182E-2
823,2.025886,2.21684E-2
824,2.025728,2.21189E-2
825,2.025571,2.20696E-2
826,2.025415,2.20206E-2
827,2.025259,2.19718E-2
828,2.025104,2.19233E-2
829,2.02495,2.1875E-2
830,2.024797,2.18269E-2
831,2.024644,2.17791E-2
832,2.024492,2.17315E-2
833,2.024341,2.16841E-2
834,2.02419,2.1637E-2
835,2.02404,2.15901E-2
836,2.023891,2.15434E-2
837,2.023743,2.14969E-2
838,2.023595,2.14507E-2
839,2.023448,2.14047E-2
840,2.023301,2.13589E-2
841,2.023155,2.13133E-2
842,2.02301,2.1268E-2
843,2.022866,2.12228E-2
844,2.022722,2.11779E-2
845,2.022579,2.11332E-2
846,2.022436,2.10887E-2
847,2.022294,2.10444E-2
848,2.022153,2.10003E-2
849,2.022012,2.09564E-2
850,2.021872,2.09127E-2
851,2.021733,2.08692E-2
852,2.021594,2.0826E-2
853,2.021456,2.07829E-2
854,2.021318,2.074E-2
855,2.021181,2.06973E-2
856,2.021045,2.06548E-2
857,2.020909,2.06126E-2
858,2.020774,2.05705E-2
859,2.020639,2.05285E-2
860,2.020505,2.04868E-2
861,2.020372,2.04453E-2
862,2.020239,2.0404E-2
863,2.020107,2.03628E-2
864,2.019975,2.03218E-2
865,2.019844,2.0281E-2
866,2.019713,2.02404E-2
867,2.019583,2.02E-2
868,2.019454,2.01598E-2
869,2.019325,2.01197E-2
870,2.019197,2.00798E-2
871,2.019069,2.00401E-2
872,2.018942,2.00006E-2
873,2.018815,1.99612E-2
874,2.018689,1.9922E-2
875,2.018564,1.9883E-2
876,2.018439,1.98441E-2
877,2.018314,1.98054E-2
878,2.01819,1.97669E-2
879,2.018067,1.97286E-2
880,2.017944,1.96904E-2
881,2.017821,1.96524E-2
882,2.0177,1.96145E-2
883,2.017578,1.95768E-2
884,2.017457,1.95393E-2
885,2.017337,1.95019E-2
886,2.017217,1.94647E-2
887,2.017098,1.94277E-2
888,2.016979,1.93908E-2
889,2.01686,1.9354E-2
890,2.016743,1.93174E-2
891,2.016625,1.9281E-2
892,2.016508,1.92447E-2
893,2.016392,1.92086E-2
894,2.016276,1.91726E-2
895,2.016161,1.91368E-2
896,2.016046,1.91011E-2
897,2.015931,1.90656E-2
898,2.015817,1.90302E-2
899,2.015703,1.89949E-2
900,2.01559,1.89598E-2
901,2.015478,1.89249E-2
902,2.015366,1.88901E-2
903,2.015254,1.88554E-2
904,2.015143,1.88209E-2
905,2.015032,1.87865E-2
906,2.014921,1.87522E-2
907,2.014811,1.87181E-2
908,2.014702,1.86842E-2
909,2.014593,1.86503E-2
910,2.014484,1.86166E-2
911,2.014376,1.85831E-2
912,2.014268,1.85497E-2
913,2.014161,1.85164E-2
914,2.014054,1.84832E-2
915,2.013948,1.84502E-2
916,2.013842,1.84173E-2
917,2.013736,1.83845E-2
918,2.013631,1.83519E-2
919,2.013526,1.83194E-2
920,2.013422,1.8287E-2
921,2.013318,1.82547E-2
922,2.013215,1.82226E-2
923,2.013111,1.81906E-2
924,2.013009,1.81587E-2
925,2.012906,1.81269E-2
926,2.012805,1.80953E-2
927,2.012703,1.80638E-2
928,2.012602,1.80324E-2
929,2.012501,1.80012E-2
930,2.012401,1.797E-2
931,2.012301,1.7939E-2
932,2.012201,1.79081E-2
933,2.012102,1.78773E-2
934,2.012004,1.78466E-2
935,2.011905,1.7816E-2
936,2.011807,1.77856E-2
937,2.01171,1.77553E-2
938,2.011612,1.77251E-2
939,2.011515,1.7695E-2
940,2.011419,1.7665E-2
941,2.011323,1.76351E-2
942,2.011227,1.76054E-2
943,2.011132,1.75757E-2
944,2.011037,1.75462E-2
945,2.010942,1.75167E-2
946,2.010848,1.74874E-2
947,2.010754,1.74582E-2
948,2.01066,1.74291E-2
949,2.010567,1.74001E-2
950,2.010474,1.73712E-2
951,2.010381,1.73424E-2
952,2.010289,1.73138E-2
953,2.010197,1.72852E-2
954,2.010106,1.72567E-2
955,2.010015,1.72284E-2
956,2.009924,1.72001E-2
957,2.009833,1.7172E-2
958,2.009743,1.71439E-2
959,2.009654,1.71159E-2
960,2.009564,1.70881E-2
961,2.009475,1.70603E-2
962,2.009386,1.70327E-2
963,2.009298,1.70051E-2
964,2.00921,1.69777E-2
965,2.009122,1.69503E-2
966,2.009034,1.69231E-2
967,2.008947,1.68959E-2
968,2.00886,1.68688E-2
969,2.008774,1.68419E-2
970,2.008688,1.6815E-2
971,2.008602,1.67882E-2
972,2.008516,1.67615E-2
973,2.008431,1.67349E-2
974,2.008346,1.67084E-2
975,2.008261,1.6682E-2
976,2.008177,1.66557E-2
977,2.008093,1.66295E-2
978,2.008009,1.66034E-2
979,2.007926,1.65773E-2
980,2.007843,1.65514E-2
981,2.00776,1.65255E-2
982,2.007677,1.64997E-2
983,2.007595,1.64741E-2
984,2.007513,1.64485E-2
985,2.007432,1.6423E-2
986,2.00735,1.63975E-2
987,2.007269,1.63722E-2
988,2.007188,1.6347E-2
989,2.007108,1.63218E-2
990,2.007028,1.62967E-2
991,2.006948,1.62717E-2
992,2.006868,1.62468E-2
993,2.006789,1.6222E-2
994,2.00671,1.61973E-2
995,2.006631,1.61726E-2
996,2.006553,1.61481E-2
997,2.006475,1.61236E-2
998,2.006397,1.60992E-2
999,2.006319,1.60748E-2
1000,2.006242,1.60506E-2
1001,2.006165,1.60264E-2
1002,2.006088,1.60024E-2
1003,2.006011,1.59783E-2
1004,2.005935,1.59544E-2
1005,2.005859,1.59306E-2
1006,2.005783,1.59068E-2
1007,2.005708,1.58831E-2
1008,2.005632,1.58595E-2
1009,2.005557,1.5836E-2
1010,2.005483,1.58125E-2
1011,2.005408,1.57892E-2
1012,2.005334,1.57659E-2
1013,2.00526,1.57426E-2
1014,2.005186,1.57195E-2
1015,2.005113,1.56964E-2
1016,2.00504,1.56734E-2
1017,2.004967,1.56505E-2
1018,2.004894,1.56276E-2
1019,2.004822,1.56048E-2
1020,2.00475,1.55821E-2
1021,2.004678,1.55595E-2
1022,2.004606,1.55369E-2
1023,2.004535,1.55144E-2
1024,2.004463,1.5492E-2
1025,2.004393,1.54697E-2
1026,2.004322,1.54474E-2
1027,2.004251,1.54252E-2
1028,2.004181,1.54031E-2
1029,2.004111,1.5381E-2
1030,2.004041,1.5359E-2
1031,2.003972,1.53371E-2
1032,2.003903,1.53152E-2
1033,2.003834,1.52934E-2
1034,2.003765,1.52717E-2
1035,2.003696,1.52501E-2
1036,2.003628,1.52285E-2
1037,2.00356,1.5207E-2
1038,2.003492,1.51855E-2
1039,2.003424,1.51641E-2
1040,2.003357,1.51428E-2
1041,2.00329,1.51216E-2
1042,2.003223,1.51004E-2
1043,2.003156,1.50793E-2
1044,2.003089,1.50582E-2
1045,2.003023,1.50372E-2
1046,2.002957,1.50163E-2
1047,2.002891,1.49954E-2
1048,2.002825,1.49746E-2
1049,2.00276,1.49539E-2
1050,2.002695,1.49332E-2
1051,2.00263,1.49126E-2
1052,2.002565,1.48921E-2
1053,2.0025,1.48716E-2
1054,2.002436,1.48512E-2
1055,2.002372,1.48308E-2
1056,2.002308,1.48105E-2
1057,2.002244,1.47903E-2
1058,2.002181,1.47701E-2
1059,2.002117,1.475E-2
1060,2.002054,1.47299E-2
1061,2.001991,1.47099E-2
1062,2.001928,1.469E-2
1063,2.001866,1.46701E-2
1064,2.001804,1.46503E-2
1065,2.001742,1.46305E-2
1066,2.00168,1.46108E-2
1067,2.001618,1.45912E-2
1068,2.001556,1.45716E-2
1069,2.001495,1.45521E-2
1070,2.001434,1.45326E-2
1071,2.001373,1.45132E-2
1072,2.001312,1.44938E-2
1073,2.001252,1.44745E-2
1074,2.001192,1.44553E-2
1075,2.001131,1.44361E-2
1076,2.001071,1.4417E-2
1077,2.001012,1.43979E-2
1078,2.000952,1.43789E-2
1079,2.000893,1.43599E-2
1080,2.000834,1.4341E-2
1081,2.000775,1.43221E-2
1082,2.000716,1.43033E-2
1083,2.000657,1.42846E-2
1084,2.000599,1.42659E-2
1085,2.000541,1.42473E-2
1086,2.000482,1.42287E-2
1087,2.000425,1.42101E-2
1088,2.000367,1.41917E-2
1089,2.000309,1.41732E-2
1090,2.000252,1.41549E-2
1091,2.000195,1.41365E-2
1092,2.000138,1.41183E-2
1093,2.000081,1.41E-2
1094,2.000025,1.40819E-2
1095,1.999968,1.40638E-2
1096,1.999912,1.40457E-2
1097,1.999856,1.40277E-2
1098,1.9998,1.40097E-2
1099,1.999744,1.39918E-2
1100,1.999689,1.39739E-2
1101,1.999633,1.39561E-2
1102,1.999578,1.39384E-2
1103,1.999523,1.39207E-2
1104,1.999468,1.3903E-2
1105,1.999413,1.38854E-2
1106,1.999359,1.38678E-2
1107,1.999304,1.38503E-2
1108,1.99925,1.38328E-2
1109,1.999196,1.38154E-2
1110,1.999142,1.3798E-2
1111,1.999089,1.37807E-2
1112,1.999035,1.37634E-2
1113,1.998982,1.37462E-2
1114,1.998928,1.3729E-2
1115,1.998875,1.37119E-2
1116,1.998822,1.36948E-2
1117,1.99877,1.36778E-2
1118,1.998717,1.36608E-2
1119,1.998665,1.36438E-2
1120,1.998612,1.36269E-2
1121,1.99856,1.361E-2
1122,1.998508,1.35932E-2
1123,1.998457,1.35765E-2
1124,1.998405,1.35597E-2
1125,1.998354,1.35431E-2
1126,1.998302,1.35264E-2
1127,1.998251,1.35099E-2
1128,1.9982,1.34933E-2
1129,1.998149,1.34768E-2
1130,1.998099,1.34604E-2
1131,1.998048,1.34439E-2
1132,1.997998,1.34276E-2
1133,1.997947,1.34113E-2
1134,1.997897,1.3395E-2
1135,1.997847,1.33787E-2
1136,1.997798,1.33625E-2
1137,1.997748,1.33464E-2
1138,1.997698,1.33303E-2
1139,1.997649,1.33142E-2
1140,1.9976,1.32982E-2
1141,1.997551,1.32822E-2
1142,1.997502,1.32663E-2
1143,1.997453,1.32504E-2
1144,1.997405,1.32345E-2
1145,1.997356,1.32187E-2
1146,1.997308,1.32029E-2
1147,1.99726,1.31872E-2
1148,1.997211,1.31715E-2
1149,1.997164,1.31559E-2
1150,1.997116,1.31403E-2
1151,1.997068,1.31247E-2
1152,1.997021,1.31092E-2
1153,1.996973,1.30937E-2
1154,1.996926,1.30782E-2
1155,1.996879,1.30628E-2
1156,1.996832,1.30474E-2
1157,1.996785,1.30321E-2
1158,1.996739,1.30168E-2
1159,1.996692,1.30016E-2
1160,1.996646,1.29864E-2
1161,1.996599,1.29712E-2
1162,1.996553,1.2956E-2
1163,1.996507,1.2941E-2
1164,1.996461,1.29259E-2
1165,1.996416,1.29109E-2
1166,1.99637,1.28959E-2
1167,1.996325,1.28809E-2
1168,1.996279,1.2866E-2
1169,1.996234,1.28512E-2
1170,1.996189,1.28363E-2
1171,1.996144,1.28215E-2
1172,1.996099,1.28068E-2
1173,1.996055,1.27921E-2
1174,1.99601,1.27774E-2
1175,1.995966,1.27627E-2
1176,1.995921,1.27481E-2
1177,1.995877,1.27336E-2
1178,1.995833,1.2719E-2
1179,1.995789,1.27045E-2
1180,1.995745,1.26901E-2
1181,1.995702,1.26756E-2
1182,1.995658,1.26612E-2
1183,1.995615,1.26469E-2
1184,1.995571,1.26326E-2
1185,1.995528,1.26183E-2
1186,1.995485,1.2604E-2
1187,1.995442,1.25898E-2
1188,1.995399,1.25756E-2
1189,1.995357,1.25615E-2
1190,1.995314,1.25474E-2
1191,1.995272,1.25333E-2
1192,1.995229,1.25192E-2
1193,1.995187,1.25052E-2
1194,1.995145,1.24913E-2
1195,1.995103,1.24773E-2
1196,1.995061,1.24634E-2
1197,1.99502,1.24495E-2
1198,1.994978,1.24357E-2
1199,1.994936,1.24219E-2
1200,1.994895,1.24081E-2
